city,perc_first_dose,vax_rate,active_cases,active,city_rank,city_code,city_eng,Geoname ID,Name,Alternate Names,lat,long,Feature Class,Feature Code,Country Code,Country Code 2,Admin1 Code,Admin2 Code,Admin3 Code,Admin4 Code,Population,Elevation,DIgital Elevation Model,Timezone,Modification date,Country,Coordinates,...22,city2
×™×¨×›×,50.22,42.28,×§×˜×Ÿ ×-15,NA,2.2,502,YIRKA,293181,YirkÄ,"Arki,Yarka,Yarkah,Yirka,YirkÄ,yirekaÊ¼,yrka,yrkaâ€,×™Ö´×¨Ö°×›Ö¸Ö¼×,×™×¨×›×,ÙŠØ±ÙƒØ§,ÙŠØ±ÙƒØ§â€",32.95435,35.21197,P,PPL,IL,NA,03,NA,NA,NA,17003,NA,339,Asia/Jerusalem,2020-06-10T00:00:00Z,Israel,"32.95435, 35.21197",NA,Yirka
×—×•×¨×¤×™×©,60.89,54.02,0,0.0,2,496,HURFEISH,294666,á¸¤urfeish,"Hourfeich,Hurfaysh,Hurfeish,HÌ±urfeish,hrpys,hwrpys,×—×•×¨×¤×™×©,×—×¨×¤×™×©,á¸¤urfeish",33.01711,35.34835,P,PPL,IL,NA,03,NA,NA,NA,5308,NA,657,Asia/Jerusalem,2020-06-10T00:00:00Z,Israel,"33.01711, 35.34835",NA,Hurfeish
×¢×ª×œ×™×ª,54.28,52.40,0,0.0,2,53,ATLIT,295613,Atlit,"Athlit,Atlit,`Athlit,`Athlith,`Atlit,×¢×ª×œ×™×ª,â€˜AthlÄ«t,â€˜AthlÄ«th,â€˜Atlit",32.68889,34.94236,P,PPL,IL,NA,04,NA,NA,NA,4500,NA,22,Asia/Jerusalem,2017-11-10T00:00:00Z,Israel,"32.68889, 34.94236",NA,Atlit
×ª×œ ××•× ×“,69.91,67.30,×§×˜×Ÿ ×-15,NA,2,154,TEL MOND,293354,Tel Mond,"Tel Mond,tl mwnd,×ª×œ ××•× ×“",32.24995,34.91737,P,PPL,IL,NA,02,NA,NA,NA,8725,NA,68,Asia/Jerusalem,2017-07-02T00:00:00Z,Israel,"32.24995, 34.91737",NA,Tel Mond
×›×¤×¨ ×•×¨×“×™×,75.16,73.05,0,0.0,2.2,1263,KEFAR WERADIM,386445,Kefar Weradim,"Kefar Veradim,Kefar Weradim,Kfar Vradim,kpr wrdym,×›×¤×¨ ×•×¨×“×™×",32.99385,35.27793,P,PPL,IL,NA,03,NA,NA,NA,5608,NA,629,Asia/Jerusalem,2018-04-15T00:00:00Z,Israel,"32.99385, 35.27793",NA,Kefar Weradim
×¡××’'×•×¨,59.59,54.43,×§×˜×Ÿ ×-15,NA,5.3,525,SAJUR,293657,SÄjÅ«r,"Sajur,SajÅ«r,Shezor,SÄjÅ«r,sag'wr,sajwr,sajwrâ€,sg'wr,×¡Ö¸×’'×•Ö¼×¨,×¡×’â€™×•×¨,Ø³Ø§Ø¬ÙˆØ±,Ø³Ø§Ø¬ÙˆØ±â€",32.94266,35.34136,P,PPL,IL,NA,03,NA,NA,NA,3547,NA,375,Asia/Jerusalem,2020-06-10T00:00:00Z,Israel,"32.94266, 35.34136",NA,Sajur
×‘×™×ª ×©××©,29.38,25.73,47,3.6,2.4,2610,BET SHEMESH,295432,Bet Shemesh,"Beit Semes,Beit ÅemeÈ™,Beit-Shemesh,Bejt-Shemesh,Bet Schemesch,Bet Shemesh,Betxemeix,BetxÃ¨meix,Maabarat Hartuv,byt sms,Ğ‘ĞµĞ¹Ñ‚-Ğ¨ĞµĞ¼ĞµÑˆ,×‘×™×ª ×©××©",31.73072,34.99293,P,PPL,IL,NA,06,NA,NA,NA,67100,NA,282,Asia/Jerusalem,2017-07-02T00:00:00Z,Israel,"31.73072, 34.99293",NA,Bet Shemesh
×›×¤×¨ ×™×•× ×”,57.54,55.20,×§×˜×Ÿ ×-15,NA,1.5,168,KEFAR YONA,294492,Kefar Yona,"Kefar Yona,Kefar Yonah,Kfar Yona,kpr ywnh,×›×¤×¨ ×™×•× ×”",32.31669,34.93507,P,PPL,IL,NA,02,NA,NA,NA,21611,NA,59,Asia/Jerusalem,2017-07-02T00:00:00Z,Israel,"32.31669, 34.93507",NA,Kefar Yona
××‘×Ÿ ×™×”×•×“×”,66.95,64.58,0,0.0,2,182,EVEN YEHUDA,295122,Even Yehuda,"Even Yahuda,Even Yehuda,Even Yehudah,Ê¼bn yhwdh,××‘×Ÿ ×™×”×•×“×”",32.26959,34.88759,P,PPL,IL,NA,02,NA,NA,NA,15221,NA,49,Asia/Jerusalem,2017-07-02T00:00:00Z,Israel,"32.26959, 34.88759",NA,Even Yehuda
××¢×‘×œ×™×Ÿ,53.16,48.52,0,0.0,2,529,I'BILLIN,294663,Iâ€˜billÄ«n,"Evlayim,I'billin,I`billin,Iâ€˜billÄ«n,Oblin,××‘×œ×™×,××¢×‘×œ×™×Ÿ",32.82233,35.19271,P,PPL,IL,NA,03,NA,NA,NA,13128,NA,148,Asia/Jerusalem,2020-06-10T00:00:00Z,Israel,"32.82233, 35.19271",NA,I'billin
×˜×™×¨×ª ×›×¨××œ,64.17,61.11,×§×˜×Ÿ ×-15,NA,1.9,2100,TIRAT KARMEL,293308,Tirat Karmel,"At Tira,Tira,Tirah,Tirat Carmel,Tirat Hakarmel,Tirat Karmel,Tirat Karmel',Tirat KhaKarmel',Tire,tyrt krml,Ğ¢Ğ¸Ñ€Ğ°Ñ‚ ĞšĞ°Ñ€Ğ¼ĞµĞ»ÑŒ,Ğ¢Ğ¸Ñ€Ğ°Ñ‚ Ğ¥Ğ°ĞšĞ°Ñ€Ğ¼ĞµĞ»ÑŒ,×˜×™×¨×ª ×›×¨××œ",32.76021,34.97183,P,PPL,IL,NA,04,NA,NA,NA,18993,NA,47,Asia/Jerusalem,2017-07-05T00:00:00Z,Israel,"32.76021, 34.97183",NA,Tirat Karmel
×©××©×™×ª,75.73,73.79,0,0.0,2,1337,SHIMSHIT,8264691,Shimshit,"Shimshit,simesiyt,smsyt,symsyt,×©Ö´××Ö°×©Ö´××™×ª,×©×™××©×™×ª,×©××©×™×ª",32.73137,35.24409,P,PPL,IL,NA,03,NA,NA,NA,2547,NA,217,Asia/Jerusalem,2020-04-30T00:00:00Z,Israel,"32.73137, 35.24409",NA,Shimshit
×©×‘×œ×™ - ××•× ××œ-×’× ×,59.54,53.74,×§×˜×Ÿ ×-15,NA,2,913,SHIBLI-UMM AL-GHANAM,12156807,Shibliâ€“Umm al-Ghanam,"alshbly - am alghnm,sbly - Ê¼wm Ê¼l-gnm,sibeliy-Ê¼um Ê¼l-Ê»a'nam,×©Ö´××‘Ö°Ö¼×œÖ´×™-×Ö»× ××œ-×¢Ö·'× Ö·×,×©×‘×œ×™ - ××•× ××œ-×’× ×,Ø§Ù„Ø´Ø¨Ù„ÙŠ - Ø£Ù… Ø§Ù„ØºÙ†Ù…",32.68395,35.39621,P,PPL,IL,NA,03,NA,NA,NA,5995,NA,568,Asia/Jerusalem,2020-04-30T00:00:00Z,Israel,"32.68395, 35.39621",NA,Shibli-Umm al-Ghanam
×—×™×¤×”,65.41,62.33,64,2.2,1.2,4000,HAIFA,294801,Haifa,"Aifa,Caiffa,Chaifa,HFA,Haifa,Hajfa,Hajfo,Hayfa,HaÃ­fa,HaÃ¯fa,Hefa,Heifa,HeifÄ,Hepha,Heyfa,HÌ±efa,Khajfa,Khajfae,Lungsod ng Hefa,Lungsod ng á¸¤efa,ha'ipha,hai fa,haifa,haipa,haipha,hifa,hph,hyfa,hyph,jhfyt,kaihpa,khaipa,Ä¤ajfo,Î§Î¬Î¹Ï†Î±,Ğ¥Ğ°Ğ¹Ñ„Ã¦,Ğ¥Ğ°Ğ¹Ñ„Ğ°,Ğ¥Ğ°Ñ˜Ñ„Ğ°,Õ€Õ¡ÕµÖ†Õ¡,×—×™×¤×”,×—×¤×”,Ø¬Ø­ÙÙŠØ©,Ø­ÙŠÙØ§,Ø­ÛŒÙØ§,Ø­Û•ÛŒÙØ§,ÜšÜÜ¦Ü,à¤¹à¤¾à¤‡à¤«à¤¾,à¤¹à¥ˆà¤«à¤¼à¤¾,à¤¹à¥ˆà¤«à¤¾,à®•à¯ˆà®ƒà®ªà®¾,à²¹à³ˆà²«,à´¹àµˆà´«,à¹„à¸®à¸Ÿà¸²,áƒ®áƒáƒ˜áƒ¤áƒ,á¸¤eyfa,ãƒã‚¤ãƒ•ã‚¡,æµ·æ³•,í•˜ì´íŒŒ",32.81841,34.9885,P,PPLA,IL,NA,04,NA,NA,NA,267300,NA,40,Asia/Jerusalem,2019-09-05T00:00:00Z,Israel,"32.81841, 34.9885",NA,Haifa
× ×ª× ×™×”,59.07,55.58,60,2.7,1.1,7400,NETANYA,294071,Netanya,"Lungsod ng Ntanya,Natania,Natanya,Nathanya,Netan'ja,Netania,Netanija,Netanja,Netanya,NetÃ¡nja,Ntanya,na ta neiy,nattaniya,nei tan ya,netaniya,netanya,ntanya,ntnyh,ÎÎµÏ„Î¬Î½Î¹Î±,ĞĞµÑ‚Ğ°Ğ½Ğ¸Ñ,ĞĞµÑ‚Ğ°Ğ½ÑŒÑ,ĞĞµÑ‚Ğ°Ğ½Ñ,ĞĞµÑ‚Ğ°Ğ½Ñ–Ñ,ĞĞµÑ‚Ğ°Ğ½Ñ˜Ğ°,× ×ª× ×™×”,Ù†ØªØ§Ù†ÙŠØ§,Ù†ØªØ§Ù†ÛŒØ§,à®¨à®¤à¯à®¤à®¾à®©à®¿à®¯à®¾,à¸™à¸²à¸•à¸²à¹€à¸™à¸µà¸¢,ãƒã‚¿ãƒ‹ãƒ¤,å†…å¦äºš,ë„¤íƒ€ëƒ",32.33291,34.85992,P,PPL,IL,NA,02,NA,NA,NA,171676,NA,38,Asia/Jerusalem,2019-09-05T00:00:00Z,Israel,"32.33291, 34.85992",NA,Netanya
×¤×ª×— ×ª×§×•×•×”,62.87,59.43,65,2.6,2.2,7900,PETAH TIQWA,293918,Petaáº– Tiqwa,"Mulebbis,Petach Tikva,Petah Tikva,Petah Tikwah,Petah Tiqwa,Petaáº– Tikva,Petaáº– Tiqwa,Pethah Tiqva,Pethah TiqvÄ,Tigrah,pth tqwh,pth tqwwh,pth tyqwh,pth tyqwwh,×¤×ª×— ×ª×™×§×•×”,×¤×ª×— ×ª×™×§×•×•×”,×¤×ª×— ×ª×§×•×”,×¤×ª×— ×ª×§×•×•×”",32.08707,34.88747,P,PPL,IL,NA,02,NA,NA,NA,200000,NA,54,Asia/Jerusalem,2020-06-10T00:00:00Z,Israel,"32.08707, 34.88747",NA,Petah Tiqwa
×—×•×¨×”,19.50,15.87,×§×˜×Ÿ ×-15,NA,2.2,1303,HURA,8374209,HÌ±ura,"Hura,HÌ±ura,HÌ±Å«ra,hwrh,hwrtâ€,×—×•×¨×”,Ø­ÙˆØ±Ø©â€",31.30084,34.93606,P,PPL,IL,NA,01,NA,NA,NA,21558,NA,425,Asia/Jerusalem,2020-04-24T00:00:00Z,Israel,"31.30084, 34.93606",NA,Hura
×œ×”×‘×™×,75.08,73.17,0,0.0,2.3,1271,LEHAVIM,6693244,Lehavim,"Lehavim,lhbym,×œ×”×‘×™×",31.37284,34.81619,P,PPL,IL,NA,01,NA,NA,NA,6000,260,317,Asia/Jerusalem,2017-07-02T00:00:00Z,Israel,"31.37284, 34.81619",NA,Lehavim
××’'×“×œ ×©××¡,56.35,48.11,×§×˜×Ÿ ×-15,NA,3.5,4201,MAJDAL SHAMS,167444,Majdal Shams,"Madzdal Sams,Madzdal Szams,Madzhdal'-Shams,MadÅ¼dal Szams,MadÅ¾dal Å ams,Majd el Chams,Majdal Shams,Majdal-esh-Shems,Majdel Chams,mage'dal sames,mg'dl sms,mgdl sms,mjdl alshms,mjdl shms,mjdl shms.â€,ĞœĞ°Ğ´Ğ¶Ğ´Ğ°Ğ»ÑŒ-Ğ¨Ğ°Ğ¼Ñ,×Ö·×’Ö°'×“Ö·×œ ×©Ö·××Ö°×¡,××’×“×œ ×©××¡,××’â€™×“×œ ×©××¡,Ù…Ø¬Ø¯Ù„ Ø§Ù„Ø´Ù…Ø³,Ù…Ø¬Ø¯Ù„ Ø´Ù…Ø³,Ù…Ø¬Ø¯Ù„ Ø´Ù…Ø³.â€",33.27029,35.7716,P,PPL,IL,NA,03,NA,NA,NA,11044,NA,1183,Asia/Jerusalem,2020-04-26T00:00:00Z,Israel,"33.27029, 35.7716",NA,Majdal Shams
×¨××ª ×”×©×¨×•×Ÿ,69.58,67.56,×§×˜×Ÿ ×-15,NA,0.7,2650,RAMAT HASHARON,293783,Ramat HaSharon,"'Ir Shalom,Ramat Ha-Sharon,Ramat HaSharon,Ramat Hasaronas,Ramat Hash Sharon,Ramat Hasharon,Ramat Hasjaron,Ramat HaÅ¡aronas,Ramat ha-Saron,Ramat ha-Szaron,Ramat ha-Xaron,Ramat ha-Å aron,Ramat haScharon,Ramat-kha-Sharon,la ma te sha long,lamateuhasyalon,ramat hasharwn,ramat-hasharoni,rmt hsharwn,rmt hsrwn,Ğ Ğ°Ğ¼Ğ°Ñ‚-Ñ…Ğ°-Ğ¨Ğ°Ñ€Ğ¾Ğ½,×¨××ª ×”×©×¨×•×Ÿ,Ø±Ø§Ù…Ø§Øª Ù‡Ø§Ø´Ø§Ø±ÙˆÙ†,Ø±Ù…Øª Ù‡Ø´Ø§Ø±ÙˆÙ†,Ø±Ù…Øª ÛØ´Ø§Ø±ÙˆÙ†,áƒ áƒáƒ›áƒáƒ—-áƒ°áƒáƒ¨áƒáƒ áƒáƒœáƒ˜,â€˜Ir Shalom,æ‹‰é©¬ç‰¹æ²™é¾™,ë¼ë§ˆíŠ¸í•˜ìƒ¤ë¡ ",32.14613,34.8394,P,PPL,IL,NA,05,NA,NA,NA,36137,NA,68,Asia/Jerusalem,2017-07-02T00:00:00Z,Israel,"32.14613, 34.8394",NA,Ramat HaSharon
×©×•×”×,75.56,72.91,×§×˜×Ÿ ×-15,NA,2.3,1304,SHOHAM,8428283,Shoham,"Shoham,shm,swhm,×©×”×,×©×•×”×",31.99866,34.94559,P,PPL,IL,NA,02,NA,NA,NA,20740,NA,82,Asia/Jerusalem,2018-12-04T00:00:00Z,Israel,"31.99866, 34.94559",NA,Shoham
×™×¨×•×—×,55.73,52.26,0,0.0,2,831,YEROHAM,293203,Yeroáº–am,"Kefar Yeroham,Kfar Yeroham,Yeroham,Yeroáº–am,Yeruham,yrhm,yrwhm,×™×¨×•×—×,×™×¨×—×",30.98822,34.93176,P,PPL,IL,NA,01,NA,NA,NA,8631,NA,499,Asia/Jerusalem,2020-06-10T00:00:00Z,Israel,"30.98822, 34.93176",NA,Yeroham
××©×“×•×“,57.47,53.03,93,4.1,3.6,70,ASHDOD,295629,Ashdod,"Aschdod,Asdod,Asdodas,Asdode,AsdÃ³d,Ashdod,Ashdod Yam,Ashdod on the Sea,Asjdod,Asntont,Asot,Aszdod,Axdod,Azotus,AÅdod,AÅŸdod,AÅ¡dod,AÅ¡dodas,AÈ™dod,Ukreir,a shen du de,asdead,ashdodi,ashdwd,ashudoddo,astotu,asyudodeu,Ê¼sdwd,Î‘ÏƒÎ½Ï„ÏŒÎ½Ï„,ĞÑˆĞ´Ğ¾Ğ´,Ô±Õ·Õ¤Õ¸Õ¤,××©×“×•×“,Ø£Ø´Ø¯ÙˆØ¯,Ø§Ø´Ø¯ÙˆØ¯,à®…à®¸à¯à®¤à¯‹à®¤à¯,à´…à´·àµà´¦àµ‹à´¦àµ,áƒáƒ¨áƒ“áƒáƒ“áƒ˜,ã‚¢ã‚·ãƒ¥ãƒ‰ãƒƒãƒ‰,é˜¿ä»€æœå¾·,ì•„ìŠˆë„ë“œ",31.79213,34.64966,P,PPL,IL,NA,01,NA,NA,NA,224656,NA,27,Asia/Jerusalem,2020-10-24T00:00:00Z,Israel,"31.79213, 34.64966",NA,Ashdod
××•×¤×§×™×,51.53,47.27,×§×˜×Ÿ ×-15,NA,1.7,31,OFAQIM,293992,Ofaqim,"Ofakim,Ofaqim,Ofiqim,Ê¼wpqym,××•×¤×§×™×,××¤×§×™×",31.3141,34.62025,P,PPL,IL,NA,01,NA,NA,NA,24311,NA,137,Asia/Jerusalem,2017-07-02T00:00:00Z,Israel,"31.3141, 34.62025",NA,Ofaqim
×’'×ª,53.16,46.93,×§×˜×Ÿ ×-15,NA,2.3,628,JATT,294630,Jatt,"Gat Carmel,Gat Karmel,Jatt,Tel Gat,g't,ga't,jtâ€,tl gt,×’Ö·'×ª,×’â€™×ª,×ª×œ ×’×ª,Ø¬Øªâ€",32.39843,35.03933,P,PPL,IL,NA,04,NA,NA,NA,11798,NA,119,Asia/Jerusalem,2020-04-23T00:00:00Z,Israel,"32.39843, 35.03933",NA,Jatt
×‘×™×ª ×’'×Ÿ,54.93,47.55,×§×˜×Ÿ ×-15,NA,2.4,480,BEIT JANN,295523,Beit Jann,"Bayt Jann,Beit Jan,Beit Jann,Bet Dagan,byt g'n,byt j,×‘×™×ª ×’â€™×Ÿ,Ø¨ÙŠØª Ø¬",32.96464,35.38152,P,PPL,IL,NA,03,NA,NA,NA,10002,NA,923,Asia/Jerusalem,2020-04-22T00:00:00Z,Israel,"32.96464, 35.38152",NA,Beit Jann
×›××‘×•×œ,47.92,43.41,×§×˜×Ÿ ×-15,NA,1.8,504,KABUL,294615,KÄbÅ«l,"Kabul,Kavul,KÄbÅ«l,kabwl,kbwl,kÊ¼bwl,×›××‘×•×œ,×›×‘×•×œ,ÙƒØ§Ø¨ÙˆÙ„",32.86856,35.21171,P,PPL,IL,NA,03,NA,NA,NA,9497,NA,92,Asia/Jerusalem,2020-06-10T00:00:00Z,Israel,"32.86856, 35.21171",NA,Kabul
×›×¤×¨ ×ª×‘×•×¨,68.30,65.92,0,0.0,2,47,KEFAR TAVOR,294502,Kefar Tavor,"Kefar Tabor,Kefar Tavor,Kfar Tavor,Mas-ha,Mashah,kpr tbwr,×›×¤×¨ ×ª×‘×•×¨",32.68655,35.42118,P,PPL,IL,NA,03,NA,NA,NA,2323,NA,118,Asia/Jerusalem,2012-01-18T00:00:00Z,Israel,"32.68655, 35.42118",NA,Kefar Tavor
×¡×œ××”,51.78,47.07,×§×˜×Ÿ ×-15,NA,2.4,1245,SALLAMA,386253,Sallama,"Sallama,slamtâ€,slmh,wady slamh,wady slamt,×¡×œ××”,Ø³Ù„Ø§Ù…Ø©â€,ÙˆØ§Ø¯ÙŠ Ø³Ù„Ø§Ù…Ø©,ÙˆØ§Ø¯ÙŠ Ø³Ù„Ø§Ù…Ù‡",32.89443,35.36931,P,PPL,IL,NA,03,NA,NA,NA,1800,NA,172,Asia/Jerusalem,2019-03-31T00:00:00Z,Israel,"32.89443, 35.36931",NA,Sallama
×¤×¡×•×˜×”,66.18,63.35,0,0.0,2,535,FASSUTA,295104,FassÅ«ta,"Fassuta,Fassutah,FassÅ«ta,FassÅ«á¹­Ä,Mafshatah,Mifshata,fswttâ€,mpsth,paswtah,pswth,××¤×©×˜×”,×¤Ö·×¡Ö¼×•Ö¼×˜Ö¸×”,×¤×¡×•×˜×”,ÙØ³ÙˆØ·Ø©â€",33.04895,35.30893,P,PPL,IL,NA,03,NA,NA,NA,2985,NA,639,Asia/Jerusalem,2020-06-10T00:00:00Z,Israel,"33.04895, 35.30893",NA,Fassuta
××•× ×‘×˜×™×Ÿ,10.69,7.83,0,0.0,2.3,1358,UMM BATIN,12156429,Umm Batin,"am btynâ€;,Ê¼wm btyn,××•× ×‘×˜×™×Ÿ,Ø£Ù… Ø¨Ø·ÙŠÙ†â€;",31.27735,34.88246,P,PPL,IL,NA,01,NA,NA,NA,4093,NA,311,Asia/Jerusalem,2020-04-21T00:00:00Z,Israel,"31.27735, 34.88246",NA,Umm Batin
×‘×™×ª ×©××Ÿ,65.16,60.23,×§×˜×Ÿ ×-15,NA,3.2,9200,BET SHE'AN,295435,Bet Sheâ€™an,"Beisan,BeisÄn,Beit She'an,Beit Shean,Beit-Shean,Beith Shean,Beith SheÄn,Bejt-Shean,Besan,Bet Sche'an,Bet Scheâ€™an,Bet She'an,Bet Shean,Bet Sheâ€™an,Bet Sze'an,Bet Szeâ€™an,Bete-Sea,Bete-SeÃ£,Beth Shan,Beth Shean,BeÃ¯t ShÃ©an,BeÃ¯t-ShÃ©an,Scythopolis,Skythopolis,bysan,byt sÊ¼n,Ğ‘ĞµĞ¹Ñ‚-Ğ¨ĞµĞ°Ğ½,×‘×™×ª ×©××Ÿ,Ø¨ÙŠØ³Ø§Ù†",32.49728,35.49632,P,PPL,IL,NA,03,NA,NA,NA,16800,NA,-121,Asia/Jerusalem,2020-06-10T00:00:00Z,Israel,"32.49728, 35.49632",NA,Bet She'an
××•×¨ ×™×”×•×“×”,60.90,56.22,×§×˜×Ÿ ×-15,NA,2.9,2400,OR YEHUDA,293962,Or Yehuda,"Or Jehuda,Or Yehuda,Or Yehudah,Or YehudÃ ,Or-Jekhuda,Saqiya,Saqiyyah,SÄqiya,awr yhwda,oleuyehuda,or-iehuda,Ê¼wr yhwdh,ĞÑ€-Ğ™ĞµÑ…ÑƒĞ´Ğ°,××•×¨ ×™×”×•×“×”,Ø£ÙˆØ± ÛŒÙ‡ÙˆØ¯Ø§,Ø§ÙˆØ± ÛŒÙ‡ÙˆØ¯Ø§,Ø§ÙˆØ± ÛŒÛÙˆØ¯Ø§,áƒáƒ -áƒ˜áƒ”áƒ°áƒ£áƒ“áƒ,ã‚ªãƒ«ãƒ»ã‚¤ã‚§ãƒ•ãƒ€,ì˜¤ë¥´ì˜ˆí›„ë‹¤",32.02923,34.85788,P,PPL,IL,NA,05,NA,NA,NA,30802,NA,33,Asia/Jerusalem,2017-07-05T00:00:00Z,Israel,"32.02923, 34.85788",NA,Or Yehuda
"×‘×¡×""×”",50.52,45.04,×§×˜×Ÿ ×-15,NA,3,1326,BASMA,12156812,Basma,"bsmh,bsm\h,bsmtâ€,×‘×¡××”,×‘×¡×\×”,Ø¨Ø³Ù…Ø©â€",32.52904,35.10059,P,PPL,IL,NA,04,NA,NA,NA,9779,NA,224,Asia/Jerusalem,2020-05-01T00:00:00Z,Israel,"32.52904, 35.10059",NA,Basma
×—×•×œ×•×Ÿ,62.83,59.82,41,2.1,0.9,6600,HOLON,294751,HÌ±olon,"Cholon,Holon,HÌ±olon,Jolon,JolÃ³n,Kholon,hwlwn,Ğ¥Ğ¾Ğ»Ğ¾Ğ½,×—×•×œ×•×Ÿ,Ø­ÙˆÙ„ÙˆÙ†",32.01034,34.77918,P,PPL,IL,NA,05,NA,NA,NA,165787,NA,31,Asia/Jerusalem,2017-07-05T00:00:00Z,Israel,"32.01034, 34.77918",NA,Holon
××‘×˜×™×Ÿ,51.85,47.49,0,0.0,2,652,IBTIN,294661,Ibá¹­Ä«n,"Beten,Ibtin,Ibá¹­in,Ibá¹­Ä«n,××‘×˜×™×Ÿ",32.7615,35.11402,P,PPL,IL,NA,04,NA,NA,NA,2020,NA,93,Asia/Jerusalem,2020-06-10T00:00:00Z,Israel,"32.7615, 35.11402",NA,Ibtin
× ×¦×¨×ª,54.80,49.02,40,5.1,2.4,7300,NAZARETH,294098,Nazareth,"En Nasira,En NÄsira,Lungsod ng Nazaret,Naatsaret,Nasaret,Nasira,NasÄ±ra,Natserat,Natseret,Natsrat,NatsÃ©ret,Natzaret,Nazara,Nazare,Nazaret,Nazaretas,Nazareth,Nazareto,NazarÃ©,Nazerat,Nazzerat,Naáº•erat,Naáº•áº•erat,NÄtsrat,alnasrh,alnasrt,na sa lei,nacarettu,nasales,nasrh,nasrt,nasrÛ,nasrÛ•,nasyrat,nazare,nazarÛ,nsrt,ntsrat,nzrt,ÎÎ±Î¶Î±ÏÎ­Ï„,ĞĞ°Ğ·Ğ°Ñ€ĞµÑ‚,× ×¦×¨×ª,Ø§Ù„Ù†Ø§ØµØ±Ø©,Ø§Ù„Ù†Ø§ØµØ±Ù‡,Ù†Ø§Ø²Ø§Ø±Û,Ù†Ø§Ø³Ø±Û•,Ù†Ø§ØµØ±Ø©,Ù†Ø§ØµØ±Ù‡,Ù†Ø§ØµØ±Û,Ù†Ø§ØµÙŠØ±Ø§Øª,Ù†ØªØ³Ø±Ø§Øª,Ü¢Ü¨ÜªÜ¬,à®¨à®¾à®šà®°à¯‡à®¤à¯à®¤à¯,ãƒŠã‚¶ãƒ¬,æ‹¿æ’’å‹’,ë‚˜ì‚¬ë ›",32.70056,35.29722,P,PPLA,IL,NA,03,NA,NA,NA,64800,NA,504,Asia/Jerusalem,2019-07-10T00:00:00Z,Israel,"32.70056, 35.29722",NA,Nazareth
×’×‘×¢×ª ××‘× ×™,77.69,74.66,0,0.0,2.3,1293,GIV'AT AVNI,8140105,Givâ€˜at Avni,"Giv'at Avni,Giv`at Avni,Givâ€˜at Avni,gibeÊ»at Ê¼abeniy,×’Ö´Ö¼×‘Ö°×¢Ö·×ª ×Ö·×‘Ö°× Ö´×™,×’×‘×¢×ª ××‘× ×™",32.77682,35.43747,P,PPL,IL,NA,03,NA,NA,NA,1976,NA,284,Asia/Jerusalem,2020-04-23T00:00:00Z,Israel,"32.77682, 35.43747",NA,Giv'at Avni
×˜×‘×¨×™×”,54.63,50.79,×§×˜×Ÿ ×-15,NA,1.1,6700,TIBERIAS,293322,Tiberias,"Tabariya,Tabariyeh,Tabariyyah,TabarÄ«ya,Tevarya,TevaryÄ,Teverya,Tiberiada,Tiberiade,Tiberiades,Tiberiado,Tiberias,Tiberija,Tiberijada,Tiberijas,Tiberiya,TiberiÃ s,TiberiÃ¡s,Tiberya,TiberÃ­ades,TibÃ©riade,Tiveriada,TiveriÃ¡da,Tubaria,Tverija,Tverja,Tverya,Tyberiada,tbrya,tbryh,tbryt,ti bi li ya,tibeliaseu,tiberia,tiperiyu,Î¤Î¹Î²ÎµÏÎ¹Î¬Î´Î±,Î¤Î¹Î²ÎµÏÎ¹Î¬Ï‚,Ğ¢Ğ²ĞµÑ€Ğ¸Ñ,Ğ¢Ğ²ĞµÑ€Ñ–Ñ,Ğ¢Ğ¸Ğ±ĞµÑ€Ğ¸Ñ,Ğ¢Ğ¸Ğ±ĞµÑ€Ğ¸Ñ˜Ğ°Ğ´Ğ°,×˜×‘×¨×™×”,Ø·Ø¨Ø±ÙŠØ§,Ø·Ø¨Ø±ÙŠØ©,Ø·Ø¨Ø±ÛŒÙ‡,Ø·Ø¨Ø±ÛŒÛ,à®¤à®¿à®ªà¯‡à®°à®¿à®¯à¯,áƒ¢áƒ˜áƒ‘áƒ”áƒ áƒ˜áƒ,á¹¬abariyyah,ãƒ†ã‚£ãƒ™ãƒªã‚¢,ææ¯”é‡Œäº,í‹°ë² ë¦¬ì•„ìŠ¤",32.79221,35.53124,P,PPL,IL,NA,03,NA,NA,NA,39790,NA,-140,Asia/Jerusalem,2017-07-02T00:00:00Z,Israel,"32.79221, 35.53124",NA,Tiberias
×¨××©×•×Ÿ ×œ×¦×™×•×Ÿ,66.30,63.36,25,1.0,0.2,8300,RISHON LEZIYYON,293703,Rishon Leáº”iyyon,"Ayun Kara,Le Tsiyon,Le TsÄ«yÅn,Richon le Sion,Rischon LeZion,Rishon Le Zion,Rishon LeTsiyyon,Rishon LeZion,Rishon LeZiyyon,Rishon Letsiyon,Rishon Leáº”iyyon,Rishon Lsiyon,Rishon le Siyon,Rishon le Ziyon,Rishon-le-Cion,Risjon Letsion,Rison-Le-Ciono,Riszon le-Cijjon,RiÅon-Le-Ciono,`Uyun Qara,rÊ¼swn lzywn,Ğ Ğ¸ÑˆĞ¾Ğ½-Ğ»Ğµ-Ğ¦Ğ¸Ğ¾Ğ½,×¨××©×•×Ÿ ×œ×¦×™×•×Ÿ,â€˜UyÅ«n QÄra",31.97102,34.78939,P,PPL,IL,NA,02,NA,NA,NA,220492,NA,56,Asia/Jerusalem,2020-06-10T00:00:00Z,Israel,"31.97102, 34.78939",NA,Rishon LeZiyyon
×˜××¨×”,52.63,46.85,19,5.5,3.7,8900,TAMRA,293426,Tamra,"Tamra,Tamrah,Temarah,ta mu la,tamra,tmrh,tmrt,Ğ¢Ğ°Ğ¼Ñ€Ğ°,×˜××¨×”,×ª××¨×”,Ø·Ù…Ø±Ø©,Ø·Ù…Ø±Ù‡,Ø·Ù…Ø±Û,à®¤à®®à¯à®°à®¾,áƒ¢áƒáƒ›áƒ áƒ,å¡”å§†æ‹‰",32.85301,35.1987,P,PPL,IL,NA,03,NA,NA,NA,25917,NA,92,Asia/Jerusalem,2019-03-30T00:00:00Z,Israel,"32.85301, 35.1987",NA,Tamra
×–××¨,53.07,46.89,×§×˜×Ÿ ×-15,NA,2.8,1290,ZEMER,8142386,Zemer,"Zemer,zmr,zmrâ€,zymrâ€,×–××¨,×–××¨â€,Ø²ÙŠÙ…Ø±â€",32.36658,35.03312,P,PPL,IL,NA,02,NA,NA,NA,6940,NA,89,Asia/Jerusalem,2020-04-24T00:00:00Z,Israel,"32.36658, 35.03312",NA,Zemer
××‘×©×¨×ª ×¦×™×•×Ÿ,68.62,65.51,×§×˜×Ÿ ×-15,NA,1.9,1015,MEVASSERET ZIYYON,294245,Mevasseret áº”iyyon,"Ma'oz Tsiyon,Maâ€™oz Tsiyon,Mevaseret Zion,Mevasseret Ziyyon,Mevasseret áº”iyyon,MevasseretTsiyyon,mbsrt zywn,××‘×©×¨×ª ×¦×™×•×Ÿ",31.80186,35.15072,P,PPL,IL,NA,06,NA,NA,NA,24409,NA,711,Asia/Jerusalem,2020-06-10T00:00:00Z,Israel,"31.80186, 35.15072",NA,Mevasseret Ziyyon
××›×¡××œ,54.94,49.15,×§×˜×Ÿ ×-15,NA,2.1,478,IKSAL,294658,IksÄl,"Iksal,IksÄl,Kessulot,Kesulot,Kislot Tavor,aksal,aksalâ€,kslwt tbwr,××›×¡×œ,×›×¡×œ×•×ª ×ª×‘×•×¨,Ø¥ÙƒØ³Ø§Ù„â€,Ø§ÙƒØ³Ø§Ù„",32.68164,35.32365,P,PPL,IL,NA,03,NA,NA,NA,11398,NA,160,Asia/Jerusalem,2020-06-10T00:00:00Z,Israel,"32.68164, 35.32365",NA,Iksal
×¨×•××ª ×”×™×™×‘,43.51,37.55,0,0.0,2,997,RUMAT HEIB,386194,Rumat Heib,"Rumat Heib,Rumat al-Heib,RÅ«mat Heib,rumt alhaybâ€,rwmt hyb,rwmt Ê¼l-hyyb,×¨×•××ª ××œ-×”×™×™×‘,×¨×•××ª ×”×™×‘,Ø±ÙÙ…Ø© Ø§Ù„Ù‡Ù€ÙÙŠÙ€Ù’Ø¨â€",32.77802,35.30571,P,PPL,IL,NA,03,NA,NA,NA,1588,NA,221,Asia/Jerusalem,2020-05-01T00:00:00Z,Israel,"32.77802, 35.30571",NA,Rumat Heib
×™×‘× ×”,58.39,54.99,×§×˜×Ÿ ×-15,NA,2.8,2660,YAVNE,293222,YavnÃ©,"Jamnia,Javne,JavnÄ—,Jawne,Kefar Yavne,Kfar Yavne,Kfar Yavneh,New Yavne,Yamnia,Yavne,YavnÃ©,ya fu nei,yabeune,yabune,ybnh,Ğ¯Ğ²Ğ½Ğµ,×™×‘× ×”,ÛŒØ¨Ù†Ù‡,ãƒ¤ãƒ–ãƒ,äºå¤«å…§,ì•¼ë¸Œë„¤",31.87808,34.73983,P,PPL,IL,NA,02,NA,NA,NA,31774,NA,37,Asia/Jerusalem,2017-11-10T00:00:00Z,Israel,"31.87808, 34.73983",NA,Yavne
××œ×¢×“,24.86,20.53,×§×˜×Ÿ ×-15,NA,2.3,1309,EL'AD,8428480,Elâ€˜ad,"El`ad,Elâ€˜ad,Ê¼lÊ»d,××œ×¢×“",32.04984,34.95382,P,PPL,IL,NA,02,NA,NA,NA,47866,NA,134,Asia/Jerusalem,2020-04-21T00:00:00Z,Israel,"32.04984, 34.95382",NA,El'ad
×™×“ ×‘× ×™××™×Ÿ,41.73,38.93,×§×˜×Ÿ ×-15,NA,2,577,YAD BINYAMIN,293262,Yad Binyamin,"Merkaz Hanukhi,Merkaz HÌ±anukhi,Netiva,Yad Binyamin,mrkz hnwky,yad bineyamiyn,yd bnymyn,×™Ö·×“ ×‘Ö´Ö¼× Ö°×™Ö¸×Ö´×™×Ÿ,×™×“ ×‘× ×™××™×Ÿ,××¨×›×– ×—× ×•×›×™",31.7974,34.82083,P,PPL,IL,NA,02,NA,NA,NA,4175,NA,73,Asia/Jerusalem,2020-04-25T00:00:00Z,Israel,"31.7974, 34.82083",NA,Yad Binyamin
×‘×ª ×—×¤×¨,74.23,71.45,0,0.0,2,1319,BAT HEFER,8141252,Bat HÌ±efer,"Bat Hefer,Bat HÌ±efer,bat heper,bt hpr,×‘Ö·Ö¼×ª ×—Öµ×¤Ö¶×¨,×‘×ª ×—×¤×¨",32.33307,35.01272,P,PPL,IL,NA,02,NA,NA,NA,5342,NA,54,Asia/Jerusalem,2020-10-12T00:00:00Z,Israel,"32.33307, 35.01272",NA,Bat Hefer
×–×›×¨×•×Ÿ ×™×¢×§×‘,64.61,62.12,×§×˜×Ÿ ×-15,NA,1.4,9300,ZIKHRON YA'AQOV,293067,Zikhron Yaâ€˜aqov,"Zamarin,Zammarin,ZammÄrÄ«n,Zicron Jacob,Zikeron Ya`akob,Zikeron Yaâ€˜akob,Zikhron,Zikhron Ya'akov,Zikhron Ya'aqov,Zikhron Ya`aqov,Zikhron Yaâ€˜aqov,zikerwon yaÊ»aqob,×–Ö´×›Ö°×¨×•Ö¹×Ÿ ×™Ö·×¢Ö²×§Ö¹×‘,×–×›×¨×•×Ÿ ×™×¢×§×‘",32.56645,34.95628,P,PPL,IL,NA,04,NA,NA,NA,23075,NA,164,Asia/Jerusalem,2020-06-10T00:00:00Z,Israel,"32.56645, 34.95628",NA,Zikhron Ya'aqov
× ×•×¤×™×ª,76.00,74.04,0,0.0,2,1284,NOFIT,8265522,Nofit,"Nofit,Pi Ner,nwopiyt,nwpyt,py nr,× ×•Ö¹×¤Ö´×™×ª,× ×•×¤×™×ª,×¤×™ × ×¨",32.76226,35.1477,P,PPL,IL,NA,04,NA,NA,NA,2672,NA,209,Asia/Jerusalem,2020-04-27T00:00:00Z,Israel,"32.76226, 35.1477",NA,Nofit
× ××¢×•×¨×”,57.57,53.39,×§×˜×Ÿ ×-15,NA,4.1,524,NA'URA,294099,NÄâ€˜Å«ra,": naÊ¿wrtâ€,: Ù†Ø§Ø¹ÙˆØ±Ø©â€,Na`ura,Na`urah,Naura,Naâ€˜urah,Naâ€˜Å«ra,Ne`oran,Neâ€˜oran,NÄâ€˜Å«ra,naÊ»wrah,× Ö¸×¢×•Ö¼×¨Ö¸×”,× ×¢×•×¨×”",32.61403,35.39168,P,PPL,IL,NA,03,NA,NA,NA,2277,NA,113,Asia/Jerusalem,2020-04-27T00:00:00Z,Israel,"32.61403, 35.39168",NA,Na'ura
× ×¢×œ×”,49.89,47.36,0,0.0,2,3787,NA'ALE,8199389,Na'ale,"Naale,naÊ»aleh,× Ö·×¢Ö²×œÖ¶×”,× ×¢×œ×”",31.96236,35.06553,P,PPL,IL,IL,NA,NA,NA,NA,1035,420,392,Asia/Jerusalem,2020-04-28T00:00:00Z,Israel,"31.96236, 35.06553",NA,Na'ale
×¨××ª ×’×Ÿ,63.82,61.35,23,1.4,1.8,8600,RAMAT GAN,293788,Ramat Gan,"Gan,Ramat Gan,Ramat Ganas,Ramat Nkan,Ramat-Gan,Ramat-Qan,la ma gan,lamateugan,ramat-gani,rmat ghan,rmt ghan,rmt gn,Î¡Î±Î¼Î¬Ï„ Î“ÎºÎ±Î½,Ğ Ğ°Ğ¼Ğ°Ñ‚ Ğ“Ğ°Ğ½,Ğ Ğ°Ğ¼Ğ°Ñ‚-Ğ“Ğ°Ğ½,×¨××ª ×’×Ÿ,Ø±Ù…Ø§Øª ØºØ§Ù†,Ø±Ù…Øª ØºØ§Ù†,Ø±Ù…Øª Ú¯Ù†,áƒ áƒáƒ›áƒáƒ—-áƒ’áƒáƒœáƒ˜,ãƒ©ãƒãƒˆãƒ»ã‚¬ãƒ³,æ‹‰é¦¬å¹²,ë¼ë§ˆíŠ¸ê°„",32.08227,34.81065,P,PPL,IL,NA,05,NA,NA,NA,128095,NA,57,Asia/Jerusalem,2019-09-05T00:00:00Z,Israel,"32.08227, 34.81065",NA,Ramat Gan
×”×¨ ××“×¨,73.88,71.69,0,0.0,2,3769,HAR ADAR,282582,Har Adar,"Har Adar,Khirbat Najm,Khirbat en Nijam,hr Ê¼dr,×”×¨ ××“×¨",31.82754,35.13093,P,STLMT,IL,NA,06,NA,NA,NA,3300,880,866,Asia/Jerusalem,2018-12-03T00:00:00Z,Israel,"31.82754, 35.13093",NA,Har Adar
×’×“×¨×”,56.97,54.28,×§×˜×Ÿ ×-15,NA,1,2550,GEDERA,295064,Gedera,"Gedera,Gederah,Guedera,GuederÃ ,gai dai la,gdra,gdrh,gedela,ghdyra,Ğ“ĞµĞ´ĞµÑ€Ğ°,×’×“×¨×”,ØºØ¯ÙŠØ±Ø§,Ú¯Ø¯Ø±Ø§,ç›–ä»£æ‹‰,ê²Œë°ë¼",31.81456,34.77998,P,PPL,IL,NA,02,NA,NA,NA,26217,NA,64,Asia/Jerusalem,2017-07-02T00:00:00Z,Israel,"31.81456, 34.77998",NA,Gedera
××¢×’×Ÿ ××™×›××œ,63.44,61.76,0,0.0,2,694,MA'AGAN MIKHA'EL,294410,Maâ€˜agan Mikhaâ€™el,"Hatsofim Alef,Ma`agan Mikha'el,Ma`gan Mikhael,Maagan Michael,Maâ€˜agan Mikhaâ€™el,Maâ€˜gan Mikhael,maÊ»agan miykaÊ¼el,mÊ»gn mykÊ¼l,×Ö·×¢Ö²×’Ö·×Ÿ ×Ö´×™×›Ö¸×Öµ×œ,××¢×’×Ÿ ××™×›××œ",32.55549,34.91638,P,PPL,IL,NA,04,NA,NA,NA,1992,NA,23,Asia/Jerusalem,2020-11-23T00:00:00Z,Israel,"32.55549, 34.91638",NA,Ma'agan Mikha'el
×”×•×“ ×”×©×¨×•×Ÿ,66.18,64.02,×§×˜×Ÿ ×-15,NA,1.8,9700,HOD HASHARON,294760,Hod HaSharon,"God-ga-Sharon,Hada Ramatayim,Hadar Ramataim,Hadar Ramatayim,Hod HaSaron,Hod HaSharon,Hod Hasharon,Hod Hasjaron,Hod HaÅaron,Hod HaÈ˜aron,Hod ha-Saron,Hod ha-Szaron,Hod ha-Å aron,Hod haScharon,Khod Khasharon,Khod-kha-Sharon,Ramatayim,huo de xia sha long,hwd hsharwn,hwd hsrwn,Ğ“Ğ¾Ğ´-Ğ³Ğ°-Ğ¨Ğ°Ñ€Ğ¾Ğ½,Ğ¥Ğ¾Ğ´ Ğ¥Ğ°ÑˆĞ°Ñ€Ğ¾Ğ½,Ğ¥Ğ¾Ğ´-Ñ…Ğ°-Ğ¨Ğ°Ñ€Ğ¾Ğ½,×”×•×“ ×”×©×¨×•×Ÿ,×—×•×“ ×”×©×¨×•×Ÿ,Ù‡ÙˆØ¯ Ù‡Ø´Ø§Ø±ÙˆÙ†,ÛÙˆØ¯ ÛØ´Ø§Ø±ÙˆÙ†,éœå¾·å¤æ²™éš†",32.15934,34.8932,P,PPL,IL,NA,02,NA,NA,NA,43185,NA,57,Asia/Jerusalem,2017-07-02T00:00:00Z,Israel,"32.15934, 34.8932",NA,Hod HaSharon
×©×¤×¨×¢×,55.95,51.18,×§×˜×Ÿ ×-15,NA,1.6,8800,SHEFAR'AM,293539,Shefarâ€˜am,"Shafa `Amr,Shafa â€˜Amr,Shefa-'Amr,Shefar`am,Shefarâ€˜am,Shfar'am,Shfarâ€™am,separeÊ»am,shfa Ê¿mrw,shfaÊ¿mrw,shfaÊ¿mrwâ€,×©Ö°××¤Ö·×¨Ö°×¢Ö¸×,×©×¤×¨×¢×,Ø´ÙØ§ Ø¹Ù…Ø±Ùˆ,Ø´ÙØ§Ø¹Ù…Ø±Ùˆ,Ø´ÙØ§Ø¹Ù…Ø±Ùˆâ€",32.80583,35.16895,P,PPL,IL,NA,03,NA,NA,NA,41558,NA,137,Asia/Jerusalem,2020-04-30T00:00:00Z,Israel,"32.80583, 35.16895",NA,Shefar'am
×‘×ª ×™×,64.24,60.44,33,2.6,1.2,6200,BAT YAM,295548,Bat Yam,"Bat Jam,Bat Jamas,Bat Yam,Bat-Jam,ba te ya mu,bat yam,bat-iami,bateuyam,bt yam,bt ym,Ğ‘Ğ°Ñ‚ ĞˆĞ°Ğ¼,Ğ‘Ğ°Ñ‚ Ğ¯Ğ¼,Ğ‘Ğ°Ñ‚-Ğ¯Ğ¼,×‘×ª ×™×,Ø¨Ø§Øª ÙŠØ§Ù…,Ø¨Ø§Øª ÛŒØ§Ù…,Ø¨Øª ÛŒØ§Ù…,áƒ‘áƒáƒ—-áƒ˜áƒáƒ›áƒ˜,ãƒãƒˆãƒ»ãƒ¤ãƒ ,å·´ç‰¹äºšå§†,ë°”íŠ¸ì–Œ",32.02379,34.75185,P,PPL,IL,NA,05,NA,NA,NA,128979,NA,32,Asia/Jerusalem,2017-07-02T00:00:00Z,Israel,"32.02379, 34.75185",NA,Bat Yam
×™×”×•×“,67.81,64.76,×§×˜×Ÿ ×-15,NA,1.9,9400,YEHUD,293207,Yehud,"Al Yahudiya,El Yehudiye,El YehÅ«dÄ«ye,Jekhud,Kefar Yehud,Yahud,Yahudiya,Yahudiyyah,YahÅ«dÄ«ya,Yehud,Yehudie,Yhud,`Abbasiya,yhwd,Ğ™ĞµÑ…ÑƒĞ´,×™×”×•×“,â€˜AbbÄsÄ«ya",32.03317,34.89091,P,PPL,IL,NA,02,NA,NA,NA,25600,NA,44,Asia/Jerusalem,2017-07-02T00:00:00Z,Israel,"32.03317, 34.89091",NA,Yehud
×¨××ª ×™×©×™,67.93,66.02,×§×˜×Ÿ ×-15,NA,2,122,RAMAT YISHAY,293773,Ramat Yishay,"Jadah,Jeida,Ramat Yishai,Ramat Yishay,rmt ysy,×¨××ª ×™×©×™",32.70444,35.1707,P,PPL,IL,NA,03,NA,NA,NA,5431,NA,98,Asia/Jerusalem,2017-07-02T00:00:00Z,Israel,"32.70444, 35.1707",NA,Ramat Yishay
×‘××¨ ×™×¢×§×‘,52.65,49.58,×§×˜×Ÿ ×-15,NA,1.8,2530,BE'ER YA'AQOV,295525,Beâ€™er Yaâ€˜aqov,"Be'er Ya`akov,Be'er Ya`aqov,Beryacob,Beâ€™er Yaâ€˜akov,Beâ€™er Yaâ€˜aqov,Bir Jacob,Khirbet Ibyar el Leimun,Khirbet IbyÄr el LeimÅ«n,bÊ¼r yÊ»qb,×‘××¨ ×™×¢×§×‘",31.93864,34.83749,P,PPL,IL,NA,02,NA,NA,NA,26122,NA,74,Asia/Jerusalem,2020-06-10T00:00:00Z,Israel,"31.93864, 34.83749",NA,Be'er Ya'aqov
×¢×¨×“,63.95,58.33,×§×˜×Ÿ ×-15,NA,1.8,2560,ARAD,295657,Arad,"Arad,`Arad,Ê»arad,Ê»rd,ĞÑ€Ğ°Ğ´,×¢Ö²×¨Ö¸×“,×¢×¨×“,â€˜Arad",31.25882,35.21282,P,PPL,IL,NA,01,NA,NA,NA,23700,NA,613,Asia/Jerusalem,2020-06-10T00:00:00Z,Israel,"31.25882, 35.21282",NA,Arad
"×›×¤×¨ ×—×‘""×“",37.43,32.67,×§×˜×Ÿ ×-15,NA,3.7,696,KEFAR HABAD,294545,Kefar HÌ±abad,"Kefar Habad,Kefar Habbad,Kefar HÌ±abad,Kefar HÌ±abbad,Kfar Chabad,Kfar Habad,kepar habad,kpr hb''d,×›Ö°Ö¼×¤Ö·×¨ ×—Ö·×‘Ö¸Ö¼×“,×›×¤×¨ ×—×‘â€™â€™×“",31.98793,34.8516,P,PPL,IL,NA,02,NA,NA,NA,4771,NA,43,Asia/Jerusalem,2020-06-10T00:00:00Z,Israel,"31.98793, 34.8516",NA,Kefar Habad
×¨×—×•×‘×•×ª,59.15,56.18,24,1.6,1.3,8400,REHOVOT,293725,Reáº–ovot,"Khirbet Deiran,Khirbet DeirÄn,Rechovot,Rechowot,Rehobot,Rehovot,Rehovoth,Rejovot,Reáº–ovot,Rhovot,Ruhaybah,rekhovot,rhwbwt,Ğ ĞµÑ…Ğ¾Ğ²Ğ¾Ñ‚,×¨×—×•×‘×•×ª",31.89421,34.81199,P,PPL,IL,NA,02,NA,NA,NA,132671,NA,47,Asia/Jerusalem,2020-06-10T00:00:00Z,Israel,"31.89421, 34.81199",NA,Rehovot
××‘×•× ×—×•×¨×•×Ÿ,37.23,34.77,0,0.0,2,3709,MEVO HORON,8199385,Mevo horon,"mebwoÊ¼ hworwon,×Ö°×‘×•Ö¹× ×—×•Ö¹×¨×•Ö¹×Ÿ,××‘×•× ×—×•×¨×•×Ÿ",31.84876,35.03583,P,PPL,IL,IL,NA,NA,NA,NA,1771,250,258,Asia/Jerusalem,2020-04-26T00:00:00Z,Israel,"31.84876, 35.03583",NA,Mevo horon
×’×Ÿ × ×¨,74.41,71.67,0,0.0,2,1274,GAN NER,8340977,Gan Ner,"Gan Ner,gan ner,gn nr,×’Ö·Ö¼×Ÿ × Öµ×¨,×’×Ÿ × ×¨",32.53106,35.3377,P,PPL,IL,NA,03,NA,NA,NA,2704,NA,157,Asia/Jerusalem,2020-04-23T00:00:00Z,Israel,"32.53106, 35.3377",NA,Gan Ner
××–×›×¨×ª ×‘×ª×™×”,67.71,65.17,×§×˜×Ÿ ×-15,NA,1.8,28,MAZKERET BATYA,294303,Mazkeret Batya,"'Eqron,Ekron,Mazkeret Batya,Mazkeret Batyah,mzkrt btyh,××–×›×¨×ª ×‘×ª×™×”,â€˜EqrÅn",31.85357,34.84646,P,PPL,IL,NA,02,NA,NA,NA,8034,NA,75,Asia/Jerusalem,2017-07-02T00:00:00Z,Israel,"31.85357, 34.84646",NA,Mazkeret Batya
×¢×¤×•×œ×”,59.20,55.83,×§×˜×Ÿ ×-15,NA,0.8,7700,AFULA,295740,Afula,"'Afula,Affula,Afula,Afule,Afuli,El 'Affule,El â€˜AffÅ«le,Ê»pwlh,×¢×¤×•×œ×”,â€˜Afula",32.60907,35.2892,P,PPL,IL,NA,03,NA,NA,NA,44930,NA,62,Asia/Jerusalem,2017-07-03T00:00:00Z,Israel,"32.60907, 35.2892",NA,Afula
×’×Ÿ ×™×‘× ×”,63.21,60.17,×§×˜×Ÿ ×-15,NA,1.3,166,GAN YAVNE,295080,Gan Yavne,"Gan Yavne,Gan Yavneh,gn ybnh,×’×Ÿ ×™×‘× ×”",31.78737,34.70659,P,PPL,IL,NA,02,NA,NA,NA,22453,NA,52,Asia/Jerusalem,2017-07-02T00:00:00Z,Israel,"31.78737, 34.70659",NA,Gan Yavne
×’×‘×¢×ª ×‘×¨× ×¨,61.24,59.70,0,0.0,2,147,GIV'AT BRENNER,294998,Givâ€˜at Brenner,"Giv`at Brenner,Giv`at-Brener,Givat Brenner,Givâ€˜at Brenner,Givâ€˜at-Brener,gbÊ»t brnr,ghfÊ¿at brynrâ€,gibeÊ»at berener,×’Ö´Ö¼×‘Ö°×¢Ö·×ª ×‘Ö°Ö¼×¨Ö¶× Ö¶×¨,×’×‘×¢×ª ×‘×¨× ×¨,ØºÙØ¹Ø§Øª Ø¨Ø±ÙŠÙ†Ø±â€",31.86684,34.80097,P,PPL,IL,NA,02,NA,NA,NA,2703,NA,78,Asia/Jerusalem,2020-04-23T00:00:00Z,Israel,"31.86684, 34.80097",NA,Giv'at Brenner
×ª×¤×¨×—,30.27,23.32,×§×˜×Ÿ ×-15,NA,2,709,TIFRAH,293319,Tifraáº–,"Tifrah,Tifraáº–,tiperah,tprh,×ªÖ´Ö¼×¤Ö°×¨Ö·×—,×ª×¤×¨×—",31.32657,34.67689,P,PPL,IL,NA,01,NA,NA,NA,2163,NA,156,Asia/Jerusalem,2020-04-30T00:00:00Z,Israel,"31.32657, 34.67689",NA,Tifrah
×‘×™×ª ×—×©××•× ××™,66.88,64.50,0,0.0,2,1050,BET HASHMONAY,390265,Bet HÌ±ashmonay,"Beit Hashmonai,Bet Hashmonay,Bet HÌ±ashmonay,byt hsmwnÊ¼y,×‘×™×ª ×”×©××•× ××™,×‘×™×ª ×—×©××•× ××™",31.88969,34.91673,P,PPL,IL,NA,02,NA,NA,NA,2190,NA,110,Asia/Jerusalem,2020-04-22T00:00:00Z,Israel,"31.88969, 34.91673",NA,Bet Hashmonay
×›×•×›×‘ ×™××™×¨,83.66,81.43,0,0.0,2,1224,KOKHAV YA'IR,8141161,Kokhav Yaâ€™ir,"Kochav Yair-Tzur Yigal,Kochav Yairâ€“Tzur Yigal,Kokhav Ya'ir,Kokhav Ya'ir-Tzur Yig'al,Kokhav Ya'irâ€“Tzur Yig'al,Kokhav Yaâ€™ir,kwkb yÊ¼yr-zwr ygÊ¼l,kwokab yaÊ¼iyr-zwr yigeÊ¼al,×›Ö¼×•Ö¹×›Ö·×‘ ×™Ö¸×Ö´×™×¨-×¦×•Ö¼×¨ ×™Ö´×’Ö°×Ö¸×œ,×›×•×›×‘ ×™××™×¨,×›×•×›×‘ ×™××™×¨-×¦×•×¨ ×™×’××œ",32.22623,35.00222,P,PPL,IL,NA,02,NA,NA,NA,8773,NA,92,Asia/Jerusalem,2020-11-23T00:00:00Z,Israel,"32.22623, 35.00222",NA,Kokhav Ya'ir
× ×™×¦×Ÿ,54.81,50.79,×§×˜×Ÿ ×-15,NA,4.3,351,NIZZAN,294539,Niáº•áº•an,"Dohan,Doáº–an,Kefar HaNo`ar Nizzanim,Kefar HaNoâ€˜ar Niáº•áº•anim,Nizzan,Niáº•áº•an,dhn,nyzn,nzn,×“×—×Ÿ,×›×¤×¨ ×”× ×•×¢×¨ × ×™×¦× ×™×,× ×™×¦×Ÿ,× ×¦×Ÿ",31.73854,34.62985,P,PPL,IL,NA,01,NA,NA,NA,2343,NA,46,Asia/Jerusalem,2020-05-03T00:00:00Z,Israel,"31.73854, 34.62985",NA,Nizzan
××–×•×¨,56.69,53.70,×§×˜×Ÿ ×-15,NA,1.9,565,AZOR,295584,Azor,"Azor,Azur,Yazir,Yazor,Yazur,YÄzÅ«r,azwr,Ê¼zwr,××–×•×¨,Ø¢Ø²ÙˆØ±,Ø£Ø²ÙˆØ±",32.0243,34.80632,P,PPL,IL,NA,05,NA,NA,NA,16201,NA,25,Asia/Jerusalem,2020-01-24T00:00:00Z,Israel,"32.0243, 34.80632",NA,Azor
×œ×•×“,52.19,47.20,30,3.7,0.9,7000,LOD,294421,Lod,"Lida,Lidd,Lod,Lodas,Lont,Lud,Ludd,Lydda,LÅ«d,alld,lad,ld,lodeu,lodi,lu de,ludd,lwd,rodo,Î›Î¿Î½Ï„,Ğ›Ğ¾Ğ´,×œ×“,×œ×•×“,Ø§Ù„Ù„Ø¯,Ù„Ø§Ø¯,Ù„Ø¯,à´²àµà´¦àµà´¦àµ,áƒšáƒáƒ“áƒ˜,ãƒ­ãƒ¼ãƒ‰,å¢å¾·,ë¡œë“œ",31.9467,34.8903,P,PPL,IL,NA,02,NA,NA,NA,66589,NA,68,Asia/Jerusalem,2017-08-29T00:00:00Z,Israel,"31.9467, 34.8903",NA,Lod
×¨×›×¡×™×,31.37,26.22,×§×˜×Ÿ ×-15,NA,1.9,922,REKHASIM,293721,Rekhasim,"Rekhasim,rksym,×¨×›×¡×™×",32.74907,35.09901,P,PPL,IL,NA,04,NA,NA,NA,10682,NA,43,Asia/Jerusalem,2017-07-02T00:00:00Z,Israel,"32.74907, 35.09901",NA,Rekhasim
×˜×œ××•×Ÿ,44.35,42.07,×§×˜×Ÿ ×-15,NA,2.7,3788,TALMON,8199392,Talmon,"talemwon,tlmwn,×˜Ö·×œÖ°××•Ö¹×Ÿ,×˜×œ××•×Ÿ",31.93927,35.13539,P,PPL,IL,IL,NA,NA,NA,NA,2797,560,561,Asia/Jerusalem,2020-04-24T00:00:00Z,Israel,"31.93927, 35.13539",NA,Talmon
×¦×•×¨ ×”×“×¡×”,48.20,45.92,×§×˜×Ÿ ×-15,NA,2.1,1113,ZUR HADASSA,293020,áº”ur Hadassa,"Tsur Hadassa,Zur Hadassa,zwr hdsh,×¦×•×¨ ×”×“×¡×”,áº”ur Hadassa",31.71912,35.09708,P,PPL,IL,NA,06,NA,NA,NA,4700,NA,756,Asia/Jerusalem,2020-10-12T00:00:00Z,Israel,"31.71912, 35.09708",NA,Zur Hadassa
××—×•×–×ª ×‘×¨×§,69.47,66.47,0,0.0,2,1330,AHUZZAT BARAQ,8139973,Aáº–uzzat Baraq,"Ahuzat Barak,Ahuzzat Baraq,Aáº–uzzat Baraq,Ê¼hwzt brq,××—×•×–×ª ×‘×¨×§,××—×–×ª ×‘×¨×§",32.64187,35.33834,P,PPL,IL,NA,03,NA,NA,NA,2256,NA,161,Asia/Jerusalem,2020-04-21T00:00:00Z,Israel,"32.64187, 35.33834",NA,Ahuzzat Baraq
×“×™×™×¨ ×—× ×,56.14,50.26,×§×˜×Ÿ ×-15,NA,2,492,DEIR HANNA,295339,Deir á¸¤annÄ,"Dayr Hannah,Deir Hanna,Deir HÌ±anna,Deir á¸¤annÄ,Kefar Yohanah,deyr hanaÊ¼,dyr hnaâ€,×“Öµ×™×¨ ×—Ö·× Ö¸Ö¼×,×“×™×¨ ×—× ×,Ø¯ÙŠØ± Ø­Ù†Ø§â€",32.86196,35.36365,P,PPL,IL,NA,03,NA,NA,NA,8417,NA,289,Asia/Jerusalem,2020-06-10T00:00:00Z,Israel,"32.86196, 35.36365",NA,Deir Hanna
×—×“×¨×”,60.85,57.54,×§×˜×Ÿ ×-15,NA,0.2,6500,HADERA,294946,Hadera,"Chadera,El Khudeira,Hadera,Haderah,Hadeyra,Hedora,Hudeira,HÌ±adera,Khadera,Khederah,hdrh,Ğ¥Ğ°Ğ´ĞµÑ€Ğ°,×—×“×¨×”",32.44192,34.9039,P,PPL,IL,NA,04,NA,NA,NA,75854,NA,13,Asia/Jerusalem,2017-07-02T00:00:00Z,Israel,"32.44192, 34.9039",NA,Hadera
×›×¨××™××œ,67.46,64.49,×§×˜×Ÿ ×-15,NA,0.7,1139,KARMI'EL,294577,Karmiâ€™el,"Carmiel,Karmi'el,Karmiehl',Karmiel,Karmiâ€™el,Qiryat Karmiel,krmyÊ¼l,ĞšĞ°Ñ€Ğ¼Ğ¸ÑĞ»ÑŒ,×›×¨××™××œ",32.91708,35.30501,P,PPL,IL,NA,03,NA,NA,NA,44382,NA,233,Asia/Jerusalem,2020-06-10T00:00:00Z,Israel,"32.91708, 35.30501",NA,Karmi'el
×–×¨×–×™×¨,49.82,45.22,×§×˜×Ÿ ×-15,NA,2,975,ZARZIR,8264669,Zarzir,"Beit Zarzir,Zarzir,zarazir,zrazyr,zrzyr,×–×¨×–×™×¨,Ø²Ø±Ø§Ø²ÙŠØ±,Ø²Ø±Ø²ÙŠØ±,Ø²ÙØ±ÙØ§Ø²ÙÙŠØ±",32.72754,35.21381,P,PPL,IL,NA,03,NA,NA,NA,7942,NA,178,Asia/Jerusalem,2020-04-24T00:00:00Z,Israel,"32.72754, 35.21381",NA,Zarzir
×¨×”×˜,34.51,28.55,85,11.5,3.7,1161,RAHAT,8184212,Rahat,"Rahat,Rakhat,alkhdraÊ¾,la ha te,raht,rht,Ğ Ğ°Ñ…Ğ°Ñ‚,×¨×”×˜,×¨×”×ª,Ø§Ù„Ø®Ø¶Ø±Ø§Ø¡,Ø±Ø§Ù‡Ø·,Ø±Ù‡Ø·,Ø±ÛØ·,áƒ áƒáƒ°áƒáƒ¢áƒ˜,æ‹‰å“ˆç‰¹",31.39547,34.75699,P,PPL,IL,NA,01,NA,NA,NA,19586,NA,228,Asia/Jerusalem,2019-05-04T00:00:00Z,Israel,"31.39547, 34.75699",NA,Rahat
×¨××œ×”,55.37,50.27,17,2.2,1.5,8500,RAMLA,293768,Ramla,"Er Ramle,Ramla,Ramle,Ramlo,alrmlt,la mu la,lameulla,ramla,ramura,rmlh,Ğ Ğ°Ğ¼Ğ»Ğ°,×¨××œ×”,Ø§Ù„Ø±Ù…Ù„Ø©,Ø±Ù…Ù„Ù‡,Ø±Ù…Ù„ÛØŒ Ø§Ø³Ø±Ø§Ø¦ÛŒÙ„,ãƒ©ãƒ ãƒ©,æ‹‰å§†æ‹‰,ë¼ë¯ˆë¼",31.92923,34.86563,P,PPLA,IL,NA,02,NA,NA,NA,63860,NA,83,Asia/Jerusalem,2017-07-05T00:00:00Z,Israel,"31.92923, 34.86563",NA,Ramla
×™×‘× ××œ,33.65,30.85,×§×˜×Ÿ ×-15,NA,3.2,46,YAVNE'EL,293220,Yavneâ€™el,"Bayt Jinn,Beit Gan,Beith Gan,Bet Gan,Bethgan,Kefar Yamma,Mishmar HaShelosha,Mishmar Hasheloshah,Mishmar Hashloshah,Yabneel,Yabniel,Yamah,Yamma,Yavne'el,Yavneâ€™el,Yavni'el,Yavniel,Yavniâ€™el,byt gn,msmr hslwsh,ybnÊ¼l,×‘×™×ª ×’×Ÿ,×™×‘× ××œ,××©××¨ ×”×©×œ×•×©×”",32.70619,35.50435,P,PPL,IL,NA,03,NA,NA,NA,2900,NA,-18,Asia/Jerusalem,2020-11-18T00:00:00Z,Israel,"32.70619, 35.50435",NA,Yavne'el
× ×©×¨,66.06,63.39,×§×˜×Ÿ ×-15,NA,2.5,2500,NESHER,294078,Nesher,"Neixer,Nescher,Neser,Neseras,Nesher,Neszer,NeÅ¡er,NeÅ¡eras,nei xie er,nsr,nyshr,nyshyr,ĞĞµÑˆĞµÑ€,× ×©×¨,Ù†ÙŠØ´ÙŠØ±,Ù†ÛŒØ´Ø±,å†…è°¢å°”",32.76622,35.04425,P,PPL,IL,NA,04,NA,NA,NA,21245,NA,125,Asia/Jerusalem,2017-07-02T00:00:00Z,Israel,"32.76622, 35.04425",NA,Nesher
×›×•×›×‘ ×”×©×—×¨,45.46,42.55,×§×˜×Ÿ ×-15,NA,2.7,3564,KOKHAV HASHAHAR,283047,Kokhav HaShaáº–ar,"Kochav HaShachar,Kochav Shachar,Kokhav HaShahar,Kokhav HaShaáº–ar,Nahal Kochav Hashahar,kwkb hshr,kwokab hasahar,×›Ö¼×•Ö¹×›Ö·×‘ ×”Ö·×©Ö·Ö¼××—Ö·×¨,×›×•×›×‘ ×”×©×—×¨",31.96028,35.34923,P,STLMT,IL,NA,06,NA,NA,NA,2122,NA,605,Asia/Jerusalem,2020-04-25T00:00:00Z,Israel,"31.96028, 35.34923",NA,Kokhav HaShahar
×©×ª×•×œ×™×,59.82,56.00,0,0.0,2,763,SHETULIM,293508,Shetulim,"Bitaniya Haderomit,Bitaniyah Hadromit,Bitanya Ha-Deromit,Shetulim,bytnyh hdrwmyt,setwliym,stwlym,×‘×™×ª× ×™×” ×”×“×¨×•××™×ª,×©Ö°××ª×•Ö¼×œÖ´×™×,×©×ª×•×œ×™×",31.77354,34.68388,P,PPL,IL,NA,01,NA,NA,NA,2054,NA,27,Asia/Jerusalem,2020-05-03T00:00:00Z,Israel,"31.77354, 34.68388",NA,Shetulim
×™×× ×•×—-×’'×ª,55.73,49.49,×§×˜×Ÿ ×-15,NA,2,1295,YANUH-JAT,12156671,Yanuh-Jat,"yanwh-jtâ€,yÊ¼nwh-g't,×™×× ×•×—-×’'×ª,ÙŠØ§Ù†ÙˆØ­-Ø¬Øªâ€",32.98515,35.2491,P,PPL,IL,NA,03,NA,NA,NA,6614,NA,444,Asia/Jerusalem,2020-04-24T00:00:00Z,Israel,"32.98515, 35.2491",NA,Yanuh-Jat
×©×œ×•××™,62.53,59.72,0,0.0,2,812,SHELOMI,293522,Shelomi,"Chelomi,Shelomi,Shlomi,slwmy,×©×œ×•××™",33.07216,35.14452,P,PPL,IL,NA,03,NA,NA,NA,5608,NA,82,Asia/Jerusalem,2017-07-02T00:00:00Z,Israel,"33.07216, 35.14452",NA,Shelomi
×’'×•×œ×¡,63.13,56.99,×§×˜×Ÿ ×-15,NA,2.1,485,JULIS,294620,JÅ«lis,"Gulis,Julis,JÅ«lis,g'wlis,g'wls,jwlsâ€,Äulis,×’'×•Ö¼×œÖ´×¡,×’â€™×•×œ×¡,Ø¬ÙˆÙ„Ø³â€",32.94267,35.18278,P,PPL,IL,NA,03,NA,NA,NA,6375,NA,105,Asia/Jerusalem,2020-04-23T00:00:00Z,Israel,"32.94267, 35.18278",NA,Julis
××œ×™×›×™×Ÿ,63.30,60.07,0,0.0,2.5,41,ELYAKHIN,295232,Elyakhin,"Elyakhin,Khirbat Zalafa,Ma'abara Merkazit Emeq Hefer,Maâ€™abara Merkazit Emeq HÌ±efer,××œ×™×›×™×Ÿ",32.40793,34.92433,P,PPL,IL,NA,02,NA,NA,NA,2728,NA,36,Asia/Jerusalem,2012-01-18T00:00:00Z,Israel,"32.40793, 34.92433",NA,Elyakhin
××¢×’×œ×™×,47.87,43.80,0,0.0,2,1082,MA'GALIM,294392,Maâ€˜galim,"Ma'galim,Ma`galim,Maâ€˜galim,Maâ€™galim,maÊ»egaliym,mÊ»glym,×Ö·×¢Ö°×’Ö¸×œÖ´×™×,××¢×’×œ×™×",31.39688,34.5995,P,PPL,IL,NA,01,NA,NA,NA,2059,NA,127,Asia/Jerusalem,2020-11-23T00:00:00Z,Israel,"31.39688, 34.5995",NA,Ma'galim
×—×¦×•×¨ ×”×’×œ×™×œ×™×ª,59.64,55.48,×§×˜×Ÿ ×-15,NA,3.8,2034,HAZOR HAGELILIT,294809,HÌ±aáº•or HaGelilit,"Hatsor HaGelilit,Hatzor,Hatzor HaGlilit,Hazon,Hazor,Hazor HaGelilit,Hazor HaGlilit,HÌ±atsor HaGelilit,HÌ±aáº•or,HÌ±aáº•or HaGelilit,HÌ±aáº•or HaGlilit,hzwr hglylyt,×—×¦×•×¨ ×”×’×œ×™×œ×™×ª",32.98049,35.54243,P,PPL,IL,NA,03,NA,NA,NA,9165,NA,382,Asia/Jerusalem,2020-09-17T00:00:00Z,Israel,"32.98049, 35.54243",NA,Hazor HaGelilit
×¦×•×¨ ××©×”,53.96,51.97,0,0.0,2,276,ZUR MOSHE,293014,áº”ur Moshe,"Tsur Moshe,Tsur Mosheh,Zur Moshe,zwr msh,×¦×•×¨ ××©×”,áº”ur Moshe",32.29819,34.91313,P,PPL,IL,NA,02,NA,NA,NA,2400,NA,65,Asia/Jerusalem,2020-06-10T00:00:00Z,Israel,"32.29819, 34.91313",NA,Zur Moshe
× ×ª×™×‘×•×ª,42.48,37.95,×§×˜×Ÿ ×-15,NA,1.3,246,NETIVOT,294068,Netivot,"Azata,Azzata,Netivot,Netiwot,nei ti wo te,netivoti,ntybwt,ntyfwt,ntywt,ntywwt,ĞĞµÑ‚Ğ¸Ğ²Ğ¾Ñ‚,ĞĞµÑ‚Ñ–Ğ²Ğ¾Ñ‚,× ×ª×™×‘×•×ª,Ù†ØªÙŠÙÙˆØª,Ù†ØªÛŒÙˆØª,Ù†ØªÛŒÙˆÙˆØª,áƒœáƒ”áƒ—áƒ˜áƒ•áƒáƒ—áƒ˜,å…§ææ²ƒç‰¹",31.42305,34.58911,P,PPL,IL,NA,01,NA,NA,NA,24564,NA,151,Asia/Jerusalem,2017-07-02T00:00:00Z,Israel,"31.42305, 34.58911",NA,Netivot
×—×¨×™×©,38.93,36.30,×§×˜×Ÿ ×-15,NA,2.2,1247,HARISH,8141842,HÌ±arish,"Harish,HÌ±arish,hariys,hrys,×—Ö¸×¨Ö´×™×©×,×—×¨×™×©",32.46096,35.0435,P,PPL,IL,NA,04,NA,NA,NA,7569,NA,116,Asia/Jerusalem,2020-10-12T00:00:00Z,Israel,"32.46096, 35.0435",NA,Harish
×‘×¨×§×ª,36.44,31.83,×§×˜×Ÿ ×-15,NA,3.1,2038,BAREQET,295565,Bareqet,"Bareket,Bareqet,Kefar Hahotsevim,bareqet,brqt,×‘Ö·Ö¼×¨Ö¶×§Ö¶×ª,×‘×¨×§×ª",32.01839,34.94416,P,PPL,IL,NA,02,NA,NA,NA,2035,NA,74,Asia/Jerusalem,2020-05-02T00:00:00Z,Israel,"32.01839, 34.94416",NA,Bareqet
×¨×‘×‘×”,45.20,41.28,0,0.0,2.3,3795,REVAVA,8199422,Revava,"Revava,rbbh,rebabah,×¨Ö°×‘Ö¸×‘Ö¸×”,×¨×‘×‘×”",32.11926,35.12896,P,PPL,IL,IL,NA,NA,NA,NA,1262,420,455,Asia/Jerusalem,2020-05-01T00:00:00Z,Israel,"32.11926, 35.12896",NA,Revava
×©×“×¨×•×ª,54.06,50.19,×§×˜×Ÿ ×-15,NA,1.6,1031,SEDEROT,293619,Sederot,"Sderot,SdÃ©rot,Sederot,Shederot,sdrwt,Åderot,Ğ¡Ğ´ĞµÑ€Ğ¾Ñ‚,×©×“×¨×•×ª",31.525,34.59693,P,PPL,IL,NA,01,NA,NA,NA,20228,NA,90,Asia/Jerusalem,2017-07-05T00:00:00Z,Israel,"31.525, 34.59693",NA,Sederot
×™×¨×•×©×œ×™×,45.31,39.97,467,4.9,1.6,3000,JERUSALEM,281184,Jerusalem,"Adonai-jireh,Aelia Capitolina,Al Quds,Al-Kuds,Al-Qudis,Al-Quds,Al-QudÄ±s,Ariel,Baitul Maqdis,Baitulmuqaddis,Bajtul Makudis,Bayt al-Maqdis,Bayt al-Muqaddas,Cherusalem,Colonia Aelia Capitolina,Djeruzalem,El Kuds,El Quds esh Sherif,Erusagem,Erusalim,Geruesalem,Gerusalem,Gerusalemme,GerÃ¼salem,Gierusalemme,Girusalemmi,Herusale,Herusalem,Herusaláº½,Hierosolyma,Hierousalem,HierousalÄ“m,Hierusalem,Hiruharama,IJerusalem,Ia-lo-sak-leng,Ia-lo-sat-leng,Iarusaileim,IarÃºsailÃ©im,Iebous,Iebus,Ierosolyma,Ierousalem,Ierousalimu,Ierusalem,Ierusalema,Ierusalim,Ir David,Ir Ha-Qdoosha,Ir Ha-Qodesh,Iyerusalim,IÃ -lÃ´-sÃ¡k-lÄ“ng,IÃ¢-lÅÍ˜-sat-lÃ©ng,IÃ½erusalim,JRS,Jarusalen,Jeriwsalem,Jerozale,JerozalÄ—,Jerozolema,Jerozolima,JerozolÃ«ma,Jerusalem,Jerusalemi,Jerusalemo,Jerusalemu,Jerusalen,Jerusalim,JerusalÃ¨m,JerusalÃ©m,JerusalÃ©n,Jeruusalemm,Jeruzale,Jeruzalem,Jeruzaleme,Jeruzalim,JeruzalÃ©m,JeruzalÄ—,Jeruzsalem,JeruzsÃ¡lem,JerÃºsalem,JerÃºsÃ¡láº¹ÌmÃ¹,Jorsala,Jorsalaborg,Jorsalir,JÃ©rusalem,JÃ³rsalaborg,JÃ³rsalir,Kouds,Kudues,Kudus,KudÃ¼s,Kuuds-GÓ€ala,Moria,Morias,Orcalim,Orselim,OrÅŸelÃ®m,Quddus,Qudus,Queds,QÃ¼ds,Salem,Shalem,Sion,Solyma,Ursalimmu,Urselim,Urshalim,Urusalim,UruÅ¡alim,UrÅŸelim,UrÅ¡alimmu,Xerusalen,XerusalÃ©n,Ya-lu-sat-lang,Yerusalem,Yerusalemi,Yerusalemu,YerusalÃ©mi,Yerushalayim,Yirushalayim,YirushalÄyim,YÃ¢-lu-sat-lÃ¢ng,YÃ©rusalem,Zion,al-Balat,al-Quds as-Sarif,al-Quds aÅ¡-Å arÄ«f,albla,alqds,alqds alshryf,alquds,aryyyl,auwrshalym,awly alqbltyn,awrsalm,awrshlym,awrshlym alqds,awrslyman,baytâ€Œalmuqdas,byt almqds,erucalem,erusaremu,haqodes,ierusalimi,jerusalama,jerusalem,jerusalema,jeruselama,lqds,mdynt alqds,mrya,mworiyah,mwryh,quds,qudus,qÛ‡ds,salem,salym,shywn,slm,wrshlym,yarusalama,ybws,ye lu sa leng,ye ru sa lem,yebws,yelusallem,yerwsalami,yerwsalayim,yerwselem,yrwshlm,yrwslm,yrwslym,ywrshÛ•lym,ziywon,zywn,Î‘ÏÎ¹Î·Î»,Î™ÎµÎ²Î¿Ï…Ï‚,Î™ÎµÏÎ¿ÏƒÎ¿Î»Ï…Î¼Î±,Î™ÎµÏÎ¿ÏƒÏŒÎ»Ï…Î¼Î±,Î™ÎµÏÎ¿Ï…ÏƒÎ±Î»Î®Î¼,Î™ÎµÏÎ¿Ï…ÏƒÎ±Î»Î·Î¼,ÎœÏ‰ÏÎ¹Î±Ï‚,Î£Î±Î»Î·Î¼,Î£Î¹Ï‰Î½,Î£Î¿Î»Ï…Î¼Î±,Ğ„Ñ€ÑƒÑĞ°Ğ»Ğ¸Ğ¼,Ğ†ĞµÑ€ÑƒÑĞ°Ğ»Ñ–Ğ¼,Ğ‡Ñ”Ñ€Ğ¾ÑƒÑĞ°Ğ»Ğ¸Ğ¼ÑŠ,ĞˆĞµÑ€ÑƒÑĞ°Ğ»Ğ¸Ğ¼,Ğ‘Ğ°Ğ¹Ñ‚ÑƒĞ» ĞœĞ°ĞºÑŠĞ´Ğ¸Ñ,Ğ•Ñ€ÑƒÑĞ°Ğ»Ğ¸Ğ¼,Ğ˜ĞµÑ€ÑƒÑĞ°Ğ»Ğ¸Ğ¼,Ğ™ĞµÑ€ÑƒÑĞ°Ğ»Ğ¸Ğ¼,ĞšÑƒĞ´ÑƒÑ,ĞšÑŠÑƒĞ´Ñ-Ğ“Ó€Ğ°Ğ»Ğ°,Ğ£Ñ€ÑˆĞ°Ğ»Ğ¸Ğ¼,ÔµÖ€Õ¸Ö‚Õ½Õ¡Õ²Õ¥Õ´,×Öµ×™×œÖ´×™Ö¸Ö¼×” ×§Ö·×¤Ö´Ö¼×™×˜×•Ö¹×œÖ´×™× Ö¸×”,×”Ö·×§Ö¹Ö¼×“Ö¶×©×,×™Ö°×‘×•Ö¼×¡,×™Ö°×¨×•Ö¼×©Ö°××œÖ¶×,×™Ö°×¨×•Ö¼×©Ö¸××œÖ·×™Ö´×,×™Ö°×¨×•Ö¼×©Ö¸××œÖ·×Ö´,×™Ö°×¨×•Ö¼×©Ö¸××œÖ¸×Ö´,×™×‘×•×¡,×™×¨×•×©×œ×™×,×™×¨×•×©×œ×,××•Ö¹×¨Ö´×™Ö¸Ö¼×”,××•×¨×™×”,×¦Ö´×™Ö¼×•Ö¹×Ÿ,×¦×™×•×Ÿ,×©Ö¸××œÖµ×,×©×œ×,Ø£ÙˆØ±Ø³Ø§Ù„Ù…,Ø£ÙˆØ±Ø´Ù„ÙŠÙ…,Ø£ÙˆØ±Ø´Ù„ÙŠÙ… Ø§Ù„Ù‚Ø¯Ø³,Ø£ÙˆÙ„Ù‰ Ø§Ù„Ù‚Ø¨Ù„ØªÙŠÙ†,Ø£ÙÙˆØ±Ø´ÙÙ„ÙŠÙ…,Ø¥ÙŠÙ„ÙŠØ§Ø¡,Ø¦ÙˆØ±Ø´Û•Ù„ÛŒÙ…,Ø§Ø±ÙŠØ¦ÙŠÙ„,Ø§Ù„Ø¨Ù„Ø§,Ø§Ù„Ù‚Ø¯Ø³,Ø§Ù„Ù‚Ø¯Ø³ Ø§Ù„Ø´Ø±ÙŠÙ,Ø§Ù„Ù‚ÙØ¯Ø³,Ø§Ù„Ù‚ÙØ¯Ù’Ø³,Ø§ÙˆØ±Ø³Ù„ÛŒÙ…Ø§Ù†,Ø§ÙˆØ±Ø´Ù„ÛŒÙ…,Ø¨ÙŠØª Ø§Ù„Ù…Ù‚Ø¯Ø³,Ø¨ÙÛŒÙ’Øªâ€ŒØ§Ù„Ù…ÙÙ‚Ø¯ÙÙ‘Ø³,Ø¨ÛŒØª Ø§Ù„Ù…Ù‚Ø¯Ø³,Ø³Ø§Ù„ÙŠÙ…,ØµÙ‡ÙŠÙˆÙ†,Ù‚ÙØ¯Ø³,Ù‚Û‡Ø¯Ø³,Ù„Ù‚Ø¯Ø³,Ù…Ø¯ÙŠÙ†Ø© Ø§Ù„Ù‚Ø¯Ø³,Ù…Ø±ÙŠÙ‘Ø§,ÙˆØ±Ø´Ù„ÙŠÙ…,ÙŠØ¨ÙˆØ³,ÛŒØ±ÙˆØ´Ù„Ù…,ÜÜ˜ÜªÜ«Ü Ü¡,Ü¨Ü—ÜÜ˜Ü¢,Ş¤ŞªŞ‹ŞªŞŞ°,à¤œà¥‡à¤°à¥à¤¸à¤²à¥‡à¤®,à¤œà¥‡à¤°à¥à¤¸à¥‡à¤²à¤®,à¤œà¥‡à¤°à¥‚à¤¸à¤²à¤®,à¤¯à¤°à¥à¤¶à¤²à¤®,à¦œà§‡à¦°à§à¦¸à¦¾à¦²à§‡à¦®,à¨œà©‡à¨°à©‚à¨¸à¨²à¨®,à¬œà­‡à¬°à­à¬¸à¬¾à¬²à­‡à¬®,à®à®°à¯à®šà®²à¯‡à®®à¯,à°œà±†à°°à±‚à°¸à°²à±‡à°‚,à²œà³†à²°à³à²¸à²²à³†à²‚,à´œàµ†à´±àµà´¸à´²àµ‡à´‚,à¹€à¸¢à¸£à¸¹à¸‹à¸²à¹€à¸¥à¸¡,à»€àº¢â€‹àº£àº¹â€‹àºŠàº²â€‹à»€àº¥àº±àº¡,à½‡à½ºà¼‹à½¢à½´à¼‹à½¦à¼‹à½£à½ºà½˜à¼,á€‚á€»á€±á€›á€¯á€†á€œá€„á€ºá€™á€¼á€­á€¯á€·,áƒ˜áƒ”áƒ áƒ£áƒ¡áƒáƒšáƒ˜áƒ›áƒ˜,áŠ¥á‹¨áˆ©áˆ³áˆŒáˆ,ã‚¨ãƒ«ã‚µãƒ¬ãƒ ,è€¶è·¯æ’’å†·,ì˜ˆë£¨ì‚´ë ˜,ğŒ¹ğŒ°ğŒ¹ğ‚ğŒ¿ğƒğŒ°ğŒ¿ğŒ»ğ…ğŒ¼ğŒ°",31.76904,35.21633,P,PPLA,IL,NA,06,NA,NA,NA,801000,NA,786,Asia/Jerusalem,2019-09-05T00:00:00Z,Israel,"31.76904, 35.21633",NA,Jerusalem
×‘×™×ª ×“×’×Ÿ,60.61,57.60,×§×˜×Ÿ ×-15,NA,2.2,466,BET DAGAN,295475,Bet Dagan,"Bayt Dajan,Beit Dagon,Beit Dajan,Bet Dagan,bt dgn,byt dgn,×‘×™×ª ×“×’×Ÿ,×‘×ª ×“×’×Ÿ",32.00191,34.82977,P,PPL,IL,NA,02,NA,NA,NA,7099,NA,36,Asia/Jerusalem,2017-07-02T00:00:00Z,Israel,"32.00191, 34.82977",NA,Bet Dagan
×¨××© ×¤×™× ×”,60.53,58.06,×§×˜×Ÿ ×-15,NA,2.5,26,ROSH PINNA,293688,Rosh Pinna,"El Ja`une,El JÄâ€˜Å«ne,Ja`una,Ja`unah,Jaâ€˜unah,JÄâ€˜Å«na,RPN,Rosh Pinah,Rosh Pinna,Rosh Pinnah,×¨××© ×¤×™× ×”,×¨××© ×¤× ×”",32.96894,35.54258,P,PPL,IL,NA,03,NA,NA,NA,2492,NA,391,Asia/Jerusalem,2013-05-18T00:00:00Z,Israel,"32.96894, 35.54258",NA,Rosh Pinna
××¦×¤×” ×™×¨×™×—×•,40.97,38.32,0,0.0,2,3576,MIZPE YERIHO,282727,Miáº•pÃ© Yeriáº–o,"Mitzpe Yeriho,Mitzpeh Yericho,mizepeh yeriyhwo,mzph yryhw,×Ö´×¦Ö°×¤ÖµÖ¼×” ×™Ö°×¨Ö´×™×—×•Ö¹,××¦×¤×” ×™×¨×™×—×•",31.81672,35.39405,P,STLMT,IL,NA,06,NA,NA,NA,2453,NA,173,Asia/Jerusalem,2020-04-27T00:00:00Z,Israel,"31.81672, 35.39405",NA,Mizpe Yeriho
×“×™××•× ×”,69.40,64.62,×§×˜×Ÿ ×-15,NA,1.6,2200,DIMONA,295328,Dimona,"Dimona,DimÃ³na,Domona,di mo na,dimona,dymwna,dymwnh,Ğ”Ğ¸Ğ¼Ğ¾Ğ½Ğ°,Ğ”Ñ–Ğ¼Ğ¾Ğ½Ğ°,×“×™××•× ×”,Ø¯ÙŠÙ…ÙˆÙ†Ø§,Ø¯ÛŒÙ…ÙˆÙ†Ø§,Ø¯ÛŒÙ…ÙˆÙ†Û,áƒ“áƒ˜áƒ›áƒáƒœáƒ,ãƒ‡ã‚£ãƒ¢ãƒŠ,è¿ªè«ç´,ë””ëª¨ë‚˜",31.07079,35.03269,P,PPL,IL,NA,01,NA,NA,NA,33558,NA,551,Asia/Jerusalem,2017-07-05T00:00:00Z,Israel,"31.07079, 35.03269",NA,Dimona
×¡×•×œ×,63.41,57.14,0,0.0,2.7,526,SULAM,293449,SÅ«lam,"Shunem,Sulam,SÅ«lam,swlm,swnm,×¡×•×œ×,×©×•× ×,Ø³ÙˆÙ„Ù…",32.60606,35.33408,P,PPL,IL,NA,03,NA,NA,NA,2426,NA,120,Asia/Jerusalem,2020-06-10T00:00:00Z,Israel,"32.60606, 35.33408",NA,Sulam
×¡×—'× ×™×Ÿ,56.27,50.12,×§×˜×Ÿ ×-15,NA,2.5,7500,SAKHNIN,293655,SakhnÄ«n,"Sahrin,Sakhnin,SakhnÄ«n,Saknin,SaknÄ«n,Sikhnin,sahe'niyn,sh'nyn,sikeniyn,skhnyn,skhnynâ€,sknyn,Ğ¡Ğ°Ñ…Ğ½Ğ¸Ğ½,×¡Ö´×›Ö°× Ö´×™×Ÿ,×¡Ö·×—Ö°'× Ö´×™×Ÿ,×¡×—â€™× ×™×Ÿ,×¡×›× ×™×Ÿ,Ø³Ø®Ù†ÙŠÙ†,Ø³Ø®Ù†ÙŠÙ†â€,Ø³Ø®Ù†ÛŒÙ†",32.86422,35.29707,P,PPL,IL,NA,03,NA,NA,NA,24596,NA,236,Asia/Jerusalem,2020-06-10T00:00:00Z,Israel,"32.86422, 35.29707",NA,Sakhnin
××œ×¢×–×¨,59.68,57.23,×§×˜×Ÿ ×-15,NA,5.4,3618,EL'AZAR,283989,Elâ€˜azar,"Elazar,Ê¼lÊ»zr,××œ×¢×–×¨",31.65977,35.14316,P,STLMT,IL,NA,06,NA,NA,NA,2510,NA,899,Asia/Jerusalem,2020-04-21T00:00:00Z,Israel,"31.65977, 35.14316",NA,El'azar
